"Semester","Academic_Level","Exam_Session","Subject_Code","Subject_Name","Internal_Marks","External_Marks","Total_Marks","Result_Status","Credits","Grade","Component_Type","Standard_Max_Marks","Mark_Percentage","Max_Marks"
"1-1","I Year I Semester","Apr-May 2022","20A05201P","C-PROGRAMMING & DATA STRUCTURES LAB","28","69","97","P","1.5","S","Lab","100","97","100"
"1-1","I Year I Semester","Apr-May 2022","20A51101T","CHEMISTRY","29","57","86","P","3","A","Theory","100","86","100"
"1-1","I Year I Semester","Apr-May 2022","20A05201T","C-PROGRAMMING & DATA STRUCTURES","28","26","54","P","3","D","Theory","100","54","100"
"1-1","I Year I Semester","Apr-May 2022","20A05202","IT WORKSHOP","24","62","86","P","1.5","A","Workshop","100","86","100"
"1-1","I Year I Semester","Apr-May 2022","20A51101P","CHEMISTRY LAB","30","65","95","P","1.5","S","Lab","100","95","100"
"1-1","I Year I Semester","Apr-May 2022","20A02101P","BASIC ELECTRICAL & ELECTRONICS ENGINEERING LAB","28","67","95","P","1.5","S","Lab","100","95","100"
"1-1","I Year I Semester","Apr-May 2022","20A02101T","BASIC ELECTRICAL & ELECTRONICS ENGINEERING","26","37","63","P","3","C","Theory","100","63","100"
"1-1","I Year I Semester","Apr-May 2022","20A54101","LINEAR ALGEBRA AND CALCULUS","27","25","52","P","3","D","Theory","100","52","100"
"1-1","I Year I Semester","Apr-May 2022","20A03202","ENGINEERING WORKSHOP","29","66","95","P","1.5","S","Workshop","100","95","100"
"1-2","I Year II Semester","Sep 2022","20A52101P","COMMUNICATIVE ENGLISH LAB","26","67","93","P","1.5","S","Lab","100","93","100"
"1-2","I Year II Semester","Sep 2022","20A56201P","APPLIED PHYSICS LAB","30","66","96","P","1.5","S","Lab","100","96","100"
"1-2","I Year II Semester","Sep 2022","20A03101P","ENGINEERING GRAPHICS LAB","29","69","98","P","1","S","Lab","100","98","100"
"1-2","I Year II Semester","Sep 2022","20A05101P","PYTHON PROGRAMMING & DATA SCIENCE LAB","30","69","99","P","1.5","S","Lab","100","99","100"
"1-2","I Year II Semester","Sep 2022","20A05101T","PYTHON PROGRAMMING & DATA SCIENCE","26","27","53","P","3","D","Theory","100","53","100"
"1-2","I Year II Semester","Sep 2022","20A54202","PROBABILITY & STATISTICS","25","43","68","P","3","C","Theory","100","68","100"
"1-2","I Year II Semester","Sep 2022","20A03101Tb","ENGINEERING DRAWING","28","61","89","P","2","A","Theory","100","89","100"
"1-2","I Year II Semester","Sep 2022","20A52101T","COMMUNICATIVE ENGLISH","25","42","67","P","3","C","Theory","100","67","100"
"1-2","I Year II Semester","Sep 2022","20A56201T","APPLIED PHYSICS","28","38","66","P","3","C","Theory","100","66","100"
"2-1","II Year I Semester","Feb 2023","20A05302T","OBJECT ORIENTED PROGRAMMING THROUGH JAVA","24","48","72","P","3","B","Theory","100","72","100"
"2-1","II Year I Semester","Feb 2023","20A05303","COMPUTER ORGANIZATION","24","45","69","P","3","C","Theory","100","69","100"
"2-1","II Year I Semester","Feb 2023","20A04304T","DIGITAL ELECTRONICS & MICROPROCESSORS","23","61","84","P","3","A","Theory","100","84","100"
"2-1","II Year I Semester","Feb 2023","20A04304P","DIGITAL ELECTRONICS & MICROPROCESSORS LAB","27","64","91","P","1.5","S","Lab","100","91","100"
"2-1","II Year I Semester","Feb 2023","20A05301P","ADVANCED DATA STRUCTURES & ALGORITHMS LAB","28","60","88","P","1.5","A","Lab","100","88","100"
"2-1","II Year I Semester","Feb 2023","20A52201a","UNIVERSAL HUMAN VALUES","23","50","73","P","3","B","Theory","100","73","100"
"2-1","II Year I Semester","Feb 2023","20A05302P","OBJECT ORIENTED PROGRAMMING THROUGH JAVA LAB","26","56","82","P","1.5","A","Lab","100","82","100"
"2-1","II Year I Semester","Feb 2023","20A05301T","ADVANCED DATA STRUCTURES & ALGORITHMS","26","37","63","P","3","C","Theory","100","63","100"
"2-1","II Year I Semester","Feb 2023","20A05304","SOC-I: WEB APPLICATION DEVELOPMENT","28","66","94","P","2","S","Theory","100","94","100"
"2-1","II Year I Semester","Feb 2023","20A54304","DISCRETE MATHEMATICS & GRAPH THEORY","21","33","54","P","3","D","Theory","100","54","100"
"2-2","II Year II Semester","Aug-Sep 2023","20A05401T","DATABASE MANAGEMENT SYSTEMS","24","46","70","P","3","B","Theory","100","70","100"
"2-2","II Year II Semester","Aug-Sep 2023","20A05402P","OPERATING SYSTEMS LAB","29","60","89","P","1.5","A","Lab","100","89","100"
"2-2","II Year II Semester","Aug-Sep 2023","20A05403T","SOFTWARE ENGINEERING","26","32","58","P","3","D","Theory","100","58","100"
"2-2","II Year II Semester","Aug-Sep 2023","20A05403P","SOFTWARE ENGINEERING LAB","29","66","95","P","1.5","S","Lab","100","95","100"
"2-2","II Year II Semester","Aug-Sep 2023","20A05404","SOC-II: EXPLORATORY DATA ANALYSIS WITH R","25","65","90","P","2","S","Theory","100","90","100"
"2-2","II Year II Semester","Aug-Sep 2023","20A05402T","OPERATING SYSTEMS","26","51","77","P","3","B","Theory","100","77","100"
"2-2","II Year II Semester","Aug-Sep 2023","20A99401","DESIGN THINKING FOR INNOVATION","22","0","22","P","0","Y","Other","100","73.33","30"
"2-2","II Year II Semester","Aug-Sep 2023","20A99301","NSS/NCC/NSO ACTIVITIES","29","0","29","P","0","Y","Other","100","96.67","30"
"2-2","II Year II Semester","Aug-Sep 2023","20A05401P","DATABASE MANAGEMENT SYSTEMS LAB","25","62","87","P","1.5","A","Lab","100","87","100"
"2-2","II Year II Semester","Aug-Sep 2023","20A54404","DETERMINISTIC & STOCHASTIC STATISTICAL METHODS","26","44","70","P","3","B","Theory","100","70","100"
"2-2","II Year II Semester","Aug-Sep 2023","20A52301","MANAGERIAL ECONOMICS & FINANCIAL ANALYSIS","20","56","76","P","3","B","Theory","100","76","100"
"3-1","III Year I Semester","Jan 2024","20A05502P","ARTIFICIAL INTELLIGENCE LAB","28","63","91","P","1.5","S","Lab","100","91","100"
"3-1","III Year I Semester","Jan 2024","20A04702b","DIGITAL IMAGE PROCESSING","27","49","76","P","3","B","Theory","100","76","100"
"3-1","III Year I Semester","Jan 2024","20A99201a","ENVIRONMENTAL SCIENCE","27","0","27","P","0","Y","Other","100","90","30"
"3-1","III Year I Semester","Jan 2024","20A05507","COMMUNITY SERVICE PROJECT","89","0","89","P","1.5","A","Project","100","89","100"
"3-1","III Year I Semester","Jan 2024","20A05503","FORMAL LANGUAGES AND AUTOMATA THEORY","28","48","76","P","3","B","Theory","100","76","100"
"3-1","III Year I Semester","Jan 2024","20A05506","SOC III-ADVANCED WEB APPLICATION DEVELOPMENT","26","65","91","P","2","S","Theory","100","91","100"
"3-1","III Year I Semester","Jan 2024","20A05501P","COMPUTER NETWORKS LAB","28","68","96","P","1.5","S","Lab","100","96","100"
"3-1","III Year I Semester","Jan 2024","20A05502T","ARTIFICIAL INTELLIGENCE","21","50","71","P","3","B","Theory","100","71","100"
"3-1","III Year I Semester","Jan 2024","20A05501T","COMPUTER NETWORKS","26","49","75","P","3","B","Theory","100","75","100"
"3-1","III Year I Semester","Jan 2024","20A51501","CHEMISTRY OF ENERGY MATERIALS","26","60","86","P","3","A","Theory","100","86","100"
"3-2","III Year II Semester","Jul 2024","20A05602T","MACHINE LEARNING","27","49","76","P","3","B","Theory","100","76","100"
"3-2","III Year II Semester","Jul 2024","20A56701","PHYSICS OF ELECTRONIC MATERIALS AND DEVICES","27","49","76","P","3","B","Theory","100","76","100"
"3-2","III Year II Semester","Jul 2024","20A99601","INTELLECTUAL PROPERTY RIGHTS & PATENTS","23","0","23","P","0","Y","Other","100","76.67","30"
"3-2","III Year II Semester","Jul 2024","20A05601P","COMPILER DESIGN LAB","27","60","87","P","1.5","A","Lab","100","87","100"
"3-2","III Year II Semester","Jul 2024","20A05616s","COMPUTER VISION AND IMAGE PROCESSING - FUNDAMENTALS AND APPLICATIONS","23","32","55","P","3","D","Theory","100","55","100"
"3-2","III Year II Semester","Jul 2024","20A05601T","COMPILER DESIGN","29","58","87","P","3","A","Theory","100","87","100"
"3-2","III Year II Semester","Jul 2024","20A05602P","MACHINE LEARNING LAB","27","68","95","P","1.5","S","Lab","100","95","100"
"3-2","III Year II Semester","Jul 2024","20A05603P","INTERNET OF THINGS LAB","28","65","93","P","1.5","S","Lab","100","93","100"
"3-2","III Year II Semester","Jul 2024","20A52401","SOC-IV:SOFT SKILLS","20","61","81","P","2","A","Theory","100","81","100"
"3-2","III Year II Semester","Jul 2024","20A05603T","INTERNET OF THINGS","25","34","59","P","3","D","Theory","100","59","100"
"4-1","IV Year I Semester","Dec 2024-Jan 2025","20A05701a","Cloud Computing","26","50","76","P","3","B","Theory","100","76","100"
"4-1","IV Year I Semester","Dec 2024-Jan 2025","20A05702c","Natural Language Processing","29","39","68","P","3","C","Theory","100","68","100"
"4-1","IV Year I Semester","Dec 2024-Jan 2025","20A05703c","Deep Learning","25","52","77","P","3","B","Theory","100","77","100"
"4-1","IV Year I Semester","Dec 2024-Jan 2025","20A05707","Evaluation of Industry Internship","0","90","90","P","3","S","Internship","100","90","100"
"4-1","IV Year I Semester","Dec 2024-Jan 2025","20A56702","Sensors and Actuators for Engineering Applications","26","45","71","P","3","B","Theory","100","71","100"
"4-1","IV Year I Semester","Dec 2024-Jan 2025","20A52701b","Management Science","25","49","74","P","3","B","Theory","100","74","100"
"4-1","IV Year I Semester","Dec 2024-Jan 2025","20A05706","SOC-V Mobile Application Development","29","68","97","P","2","S","Theory","100","97","100"
"4-1","IV Year I Semester","Dec 2024-Jan 2025","20A27705","Waste and Effluent Management","29","60","89","P","3","A","Theory","100","89","100"
"4-2","IV Year II Semester","Apr 2025","20A05801","Full Internship & Project Work","55","132","187","P","12","S","Project","100","93.5","200"
